fsym,volumefrom,fsym,volumefrom,vol-vol%
1337,29059637.82,1337,28962567.43,-0.33403854033305563
1ST,11909119.41,1ST,9405421.08,-21.02337077834372
2GIVE,31090962.509999998,2GIVE,58483536.39,88.104618411828
808,0,808,0,NULL
ABY,62413039.89,ABY,64171608.42,2.8176299906227835
ACC,350.43,ACC,2239.8,539.1576063693177
ADA,335234007.72,ADA,825912339.84,146.36890077388355
ADC,1452916.47,ADC,6075813.93,318.1805393120776
ADST,0,ADST,117122.91,NULL
ADT,32240796.27,ADT,27378373.349999998,-15.08158445988655
ADX,19356567.299999997,ADX,19110592.62,-1.2707556881740907
AE,658656,AE,802031.5499999999,21.76789553272117
AEON,866132.58,AEON,1696683.54,95.89189682715782
AGRS,687339.0599999999,AGRS,6065274.36,782.4282967419313
AIR,10339830,AIR,18961370,83.38183509786911
ALIS,52387.770000000004,ALIS,27341.340000000004,-47.80968916981959
ALTCOM,8375.510000000002,ALTCOM,5060.32,-39.581947845564045
AMB,8539011,AMB,7274202,-14.812125198105495
AMP,80941214.16,AMP,15469745.43,-80.88767806297014
ANT,775755.1799999999,ANT,879501.51,13.37359165297486
APX,80620.41,APX,10946.28,-86.42244563132338
ARC,0,ARC,613292.76,NULL
ARDR,10521142.86,ARDR,11921049.78,13.305654515178784
ARK,4114040.6100000003,ARK,4887594.09,18.802767238605345
ARN,4008501,ARN,4095408,2.168067314938926
ART,258.29999999999995,ART,42834.72,16483.32171893148
AST,35317353.63,AST,54624375.510000005,54.66723832784523
ASTRO,11994.630000000001,ASTRO,21779.579999999998,81.57775604583047
ATB,12320.800000000001,ATB,9013.029999999999,-26.84703915330175
ATL,118969.20999999999,ATL,120050.75,0.9090923609562577
ATM,4690752.8100000005,ATM,4210860.75,-10.230597932531014
ATMS,0,ATMS,1220591.31,NULL
ATOM,18310.38,ATOM,527268.63,2779.615988308271
ATS,2801877.9899999998,ATS,1533350.25,-45.27419625434867
AUR,6946943.73,AUR,3689753.4000000004,-46.88666637580495
AURS,0,AURS,117976.11000000002,NULL
AVT,75823.48000000001,AVT,281895.63,271.7788078310307
B2B,19266.21,B2B,13358.880000000001,-30.661609107343885
B3,19748342.89,B3,18210823.8,-7.785560026803847
BAT,71656669.28999999,BAT,72032651.42999999,0.5246994365288906
BAY,72270626.46000001,BAY,123765919.59,71.25342016856787
BBT,68387.22,BBT,39221.97,-42.6472226828346
BCAP,5448,BCAP,10647,95.42951541850219
BCCOIN,6083.37,BCCOIN,1497.8700000000001,-75.37762786087316
BCD,58466.06999999999,BCD,68243.67,16.72354581041621
BCF,0,BCF,239039.27999999997,NULL
BCH,238900.36000000002,BCH,292835.3,22.57633266019355
BCN,2422272250.68,BCN,3019546352.86,24.65759585910827
BCOIN,0,BCOIN,0,NULL
BCPT,10006236.75,BCPT,12322749.120000001,23.15068519641014
BCY,1723006.6500000001,BCY,2618441.58,51.96932524897683
BDL,0,BDL,4322200.14,NULL
BELA,3274912.0500000003,BELA,3316408.26,1.267093875085882
BET*,929418.54,BET*,929474.19,0.005987614578885726
BHC*,188717.82,BHC*,221799.44999999998,17.529680027037177
BIO,131981.76,BIO,34002.96,-74.23662178773796
BIS,0,BIS,244407.12,NULL
BITB,912929369.52,BITB,319830165.81,-64.96660349768786
BLITZ,208349.31,BLITZ,432921.27,107.78627488615153
BLK,7223758.290000001,BLK,46475395.53,543.3686408685194
BLOCK,30422.370000000003,BLOCK,42065.729999999996,38.27236339575119
BLUE,109498.79999999999,BLUE,153192.15000000002,39.90304003331547
BLX,820.44,BLX,10903.26,1228.9527570571886
BMC,807565.26,BMC,1116495.09,38.25447246207695
BNB,9387582,BNB,9853485,4.962971295483757
BNB*,16508.1,BNB*,21153.300000000003,28.13891362422087
BNT,1243065.06,BNT,2579695.5,107.52698977799278
BON,467698.43,BON,30390.190000000002,-93.50218259231701
BOS,43089.899999999994,BOS,35311.95,-18.050517638704193
BQX,6881332.800000001,BQX,7683350.100000001,11.654970385969412
BRK,3685808.5500000003,BRK,673164.12,-81.73632431342642
BRX,143662.83000000002,BRX,162563.09999999998,13.15599170641422
BSD,680539.86,BSD,973064.3400000001,42.984180235967386
BT2,38724.979999999996,BT2,6781.4400000000005,-82.48820270533386
BTA,5015.58,BTA,67896.45000000001,1253.710837031809
BTC,139246.64,BTC,248227.28,78.26446656091663
BTCA,4935050,BTCA,7334300,48.616528707915826
BTCD,4846.86,BTCD,4203.2699999999995,-13.27849370520296
BTCM,474637,BTCM,794144.03,67.31608155284987
BTCRED,302943.78,BTCRED,343022.07,13.229613098509557
BTCS,1823673.9000000001,BTCS,2779090.4699999997,52.3896607831038
BTG,214846.91999999998,BTG,299924.94,39.59936684221492
BTM,58423.41,BTM,172490.34,195.24182172865292
BTM*,6192518.64,BTM*,8837868.06,42.71847327051406
BTS,65068209.03,BTS,188761419.63,190.09776424454938
BTX,5368.41,BTX,29720.010000000002,453.6091691953484
BURST,279979527.27,BURST,350432687.46,25.163682815300298
BUZZ,75132645.53999999,BUZZ,151757204.5,101.98570595947633
BWK,0,BWK,147918.15000000002,NULL
BXT,6658.530000000001,BXT,646.8,-90.28614423904375
BYC,155049.81,BYC,237861.57,53.409778444746244
CAG,284390.49,CAG,461192.49,62.16874551606843
CANN,442599727.34999996,CANN,210219941.57999998,-52.50337300507151
CAPP,0,CAPP,9301084.23,NULL
CARBON,56241924.330000006,CARBON,72018247.49,28.050823914616203
CAT,94635.95999999999,CAT,73594.70999999999,-22.233884455760794
CAT*,245006.67,CAT*,117280.51000000001,-52.13170727147959
CCN,0,CCN,659305.77,NULL
CDN,74940.78,CDN,1943741.46,2493.703268100492
CDT,196465749,CDT,119600679,-39.12390347490035
CDX,47197.86,CDX,228403.47000000003,383.9275975648049
CFI,25898836.77,CFI,46966670.01,81.3466389517694
CFT,0,CFT,6383108.49,NULL
CHC,0,CHC,351507.96,NULL
CJ,1789913.28,CJ,32268238.44,1702.7822241756874
CLAM,404664.36,CLAM,186714.15000000002,-53.859502230441045
CLOAK,229031.58000000002,CLOAK,602442.87,163.0392149414504
CLUB,1143444.51,CLUB,657558,-42.4932303885914
CMP,0,CMP,223.5,NULL
CMPCO,0,CMPCO,16702313.46,NULL
CMS,24794.379999999997,CMS,14203.04,-42.716696283593286
CMT,52924580.22,CMT,48890672.64,-7.621992584979634
CNBC,0,CNBC,0,NULL
CND,310048272.81,CND,728356244.3000001,134.9170462066539
CNX,236231.84999999998,CNX,79919.13,-66.16919776058985
COB,1339905.27,COB,714956.1900000001,-46.641288305403855
COSS,831821.46,COSS,356650.58999999997,-57.12414175993968
COVAL,67212229.08,COVAL,46235830.83,-31.20919888705468
CPAY,919938,CPAY,1244238,35.25237570358002
CPC,1988754.21,CPC,2888318.0100000002,45.23252775414616
CRAVE,3704.6099999999997,CRAVE,40469.61,992.4121567452446
CRC,1296791415.51,CRC,2392090280.23,84.46222357889705
CREA,0,CREA,192604.23,NULL
CRED,633200.22,CRED,850096.29,34.25394735333479
CRW,176478.87,CRW,255273.30000000002,44.64808166552745
CSNO,218659.52000000002,CSNO,193262.26,-11.614980221304796
CTR,7160859.33,CTR,7845247.26,9.557343587700384
CTT,10500.03,CTT,78670.04999999999,649.2364307530548
CTX,179245.02,CTX,619735.5,245.74768102343933
CURE,598049.1000000001,CURE,382945.52999999997,-35.96754346758487
CVC,13935726,CVC,22949799.87,64.68320251130082
DAR,7.41,DAR,116195.67,1567992.7125506073
DASH,160296.78,DASH,240509.31,50.04001328036658
DAT,46204335.839999996,DAT,24352404.12,-47.29411498451267
DATA,19592422.57,DATA,24078917.6,22.899133652158675
DAXX,0,DAXX,9276673.74,NULL
DBET,82145.78,DBET,1207608.42,1370.079680295202
DBIX,5053.08,DBIX,90428.64,1689.5746752475716
DCN,944141000,DCN,1256887000,33.12492519655433
DCR,80631.93000000001,DCR,138437.31,71.69043330601164
DCT,10719393.24,DCT,3810066.06,-64.45632719413138
DEM,27352.260000000002,DEM,487295.52,1681.554869689013
DENT,90698624.25,DENT,248754486.99,174.2648954678053
DFT,20915.73,DFT,20290.29,-2.990285302019096
DGB,1116677521.74,DGB,1421539801.42,27.300834282485205
DGC,15342.93,DGC,487991.25,3080.561014095743
DGD,40518.93,DGD,54559.229999999996,34.651211174628735
DICE,24971.129999999997,DICE,14323.59,-42.639399979095856
DIM,1973567,DIM,2380304,20.60923191358591
DIME,82590336.79,DIME,210063405.05,154.34380487407623
DIVX,0.2,DIVX,28152.14,14075969.999999998
DLT,5677939.5600000005,DLT,3959179.1999999997,-30.270846349058367
DMD,12888.300000000001,DMD,42259.590000000004,227.89111054211958
DNA,120739.70999999999,DNA,50743.979999999996,-57.972418519143375
DNR,0,DNR,260357.55000000002,NULL
DNT,186541269.35999998,DNT,99170236.17,-46.837374640881976
DOGE,5899807332.65,DOGE,8347052495.11,41.48008611936787
DOPE,234141184.02,DOPE,60083256.57000001,-74.33887727975794
DOT,0,DOT,71673448.62,NULL
DOVU,519699.99,DOVU,587744.3999999999,13.093017377198702
DP,55155.72,DP,2282735.64,4038.7106178652
DRGN,2671894.5,DRGN,1934650.6500000001,-27.59255090348814
DRP,8711.880000000001,DRP,12951,48.659072439014295
DTB,505095.57,DTB,487390.64999999997,-3.505261390433506
DTC,0,DTC,0,NULL
DTR,119924.07,DTR,500479.68,317.330465852268
DYN,474509.13,DYN,887236.83,86.97992807851767
EBCH,80736.95999999999,EBCH,455750.13,464.48760270389187
EBST,5552080.5600000005,EBST,7915835.040000001,42.574210774780255
EBTC,110280,EBTC,101870,-7.626042800145086
ECASH,177409.31,ECASH,742259.8400000001,318.38832471644247
EDDIE,0,EDDIE,2664293.82,NULL
EDG,5759748.75,EDG,12537678.09,117.67751744379476
EDO,630637.13,EDO,1265616.43,100.68853700383926
EFL,551998.5,EFL,1275912.15,131.14413354384112
EGC,680431.5,EGC,2181830.8499999996,220.65400411356612
ELITE,14891.529999999999,ELITE,30775.56,106.66486250909075
ELIX,111887.73000000001,ELIX,78541.56,-29.803241159687495
ELLA,0,ELLA,557634.51,NULL
ELM,202050,ELM,415200.83999999997,105.49410541945062
ELTCOIN,204299.66999999998,ELTCOIN,607112.49,197.1676312546173
EMB,294414113.70000005,EMB,162407466.28,-44.837064963030684
EMC,1145895.36,EMC,1813969.38,58.301485748227456
EMC2,17628560.79,EMC2,24119180.580000002,36.81877305424661
EMGO,16326.36,EMGO,25693.83,57.376353332892336
ENG,13112707.29,ENG,18086631.78,37.9320942654856
ENJ,99899121.48,ENJ,122891422.17,23.015518404336618
ENRG,6727366.649999999,ENRG,2672803.32,-60.26969453196074
ENT,36017.399999999994,ENT,27697.379999999997,-23.100001665861495
EOS,9429289.37,EOS,16555905.93,75.57957212209303
EPY,181936.11000000002,EPY,227960.84999999998,25.297199110171125
EQT,309.29999999999995,EQT,111830.67,36056.05237633366
ERC,256452.02999999997,ERC,696653.22,171.650499315603
ERO,12909479.97,ERO,9384759.540000001,-27.303349462495813
ERT,0,ERT,0,NULL
ESP,940210.4100000001,ESP,11873109.66,1162.8141034941316
ETBS,21092.4,ETBS,34339.5,62.805086192182955
ETC,4277445.95,ETC,7099892.41,65.98438631351962
ETG,23130,ETG,110541,377.9118028534371
ETH,1086994.26,ETH,1901042.19,74.88980944572788
ETHD,9735.39,ETHD,13701.99,40.74413043545251
ETN,0,ETN,153892551.96,NULL
ETP,1054773.2,ETP,1799926.7799999998,70.64585827550415
EVX,2507610.9899999998,EVX,2664054.7199999997,6.238755956321598
EXCL,570348.96,EXCL,1117805.34,95.98621517605646
EXP,1256870.31,EXP,1809134.4000000001,43.939624128761544
F16,598468434.8100001,F16,4578699766.35,665.0695508784238
FAIR,206221.91999999998,FAIR,552541.29,167.93528544395284
FCN,8349.03,FCN,68082.87,715.4584424777488
FCT,485308.26,FCT,457679.85000000003,-5.692961005856355
FJC,1984920.69,FJC,39166243.74,1873.1893539786724
FLASH,0,FLASH,32117247.18,NULL
FLDC,81018958.38,FLDC,77624118.87,-4.19017916038529
FLIXX,442982.13,FLIXX,423069.96,-4.495027824260085
FLO,12907003.919999998,FLO,8082262.77,-37.38079867260162
FLT,0,FLT,10044387.33,NULL
FRD,147543.72,FRD,126240.84,-14.43835088338562
FRN,6345.42,FRN,332084.79,5133.456414232627
FRST,7709.67,FRST,20125.949999999997,161.04813824716229
FST,123600.59999999999,FST,3482843.2199999997,2717.820641647371
FTC,3770480.79,FTC,6299206.77,67.06640666905504
FUEL,134189255.10000001,FUEL,80987964.9,-39.64646063528227
FUN,681879880.9800001,FUN,593028559.1400001,-13.030348059588237
FUZZ,962603.76,FUZZ,15800124.809999999,1541.3944622447766
FYN,2660.67,FYN,4659.54,75.12656586498889
FYP,314896.58999999997,FYP,262022.52,-16.790931270484695
GAME,1122986.5499999998,GAME,2228087.16,98.40728813715538
GAS,369157.52999999997,GAS,346015.26,-6.268941608748971
GBX,0,GBX,33383.61,NULL
GBYTE,3611.16,GBYTE,8098.74,124.26976373242947
GCN,0,GCN,0,NULL
GCR,17597254.049999997,GCR,13736736.36,-21.93818239499701
GEO,325792.19999999995,GEO,519461.28,59.44558525342231
GER,54380028.349999994,GER,45741576.4,-15.885339180776645
GHS,164711.01,GHS,236307.21000000002,43.467768183802654
GIM,217086.09,GIM,542540.46,149.91949507220846
GLD,2138692.86,GLD,2570569.02,20.1934634036231
GMT,3891385.08,GMT,4399523.25,13.058028428273666
GNO,23094.03,GNO,32182.44,39.353936926556344
GNT,34966860.36,GNT,46611687.33,33.3024665357745
GOLOS,871278.39,GOLOS,2312710.29,165.43872963496776
GRC,59790287.67,GRC,12717035.64,-78.73059967500237
GRID,72937.70999999999,GRID,182853.12,150.69764323557732
GRS,3343349.76,GRS,4925134.0200000005,47.31136056791141
GRWI,0,GRWI,131984.01,NULL
GRX,33052.08,GRX,71597.54999999999,116.62040634053888
GUP,23967844.86,GUP,31187276.369999997,30.121321095700708
GVT,452202.57,GVT,477369.83999999997,5.565485839675781
HAC,11482527.27,HAC,7083164.850000001,-38.31353774786201
HBT,168212.16,HBT,64455.06,-61.68228266018343
HDG,142350.78,HDG,173944.56,22.194314635999888
HGT,1643066.67,HGT,1560238.1099999999,-5.04109550222938
HKN,6103.780000000001,HKN,19833.84,224.9435595647287
HMQ,33545738.849999998,HMQ,27206224.200000003,-18.898121989046594
HOLD,0,HOLD,1706939.67,NULL
HSR,3006385.9499999997,HSR,2336475.2199999997,-22.282925118113994
HST,191581.41,HST,308853.9,61.21287550811951
HTML5,32021638.88,HTML5,105982010.36,230.96997551300848
HUC,574139.1000000001,HUC,1340393.3699999999,133.46143295239773
HUSH,0,HUSH,222583.02,NULL
HVN,4791871.11,HVN,11234803.89,134.45546910797438
HYP,4904672.4,HYP,14214997.98,189.82563606083048
ICN,3328392.0300000003,ICN,3796572.54,14.066267007615679
ICOS,410.15,ICOS,1378.26,236.0380348652932
ICX,10500,ICX,33900,222.85714285714286
IFLT,18036380.240000002,IFLT,24480688.65,35.729499623811414
IFT,24605.07,IFT,1583580.87,6335.994167055815
IGNIS,15748.949999999999,IGNIS,40155.81,154.9745221109979
INCNT,7083555.51,INCNT,1063756.59,-84.98273093931044
IND,1990116.3900000001,IND,2360881.41,18.630318400623793
INFX,237719.13,INFX,264259.35,11.164528492090634
INN,0,INN,69770.70000000001,NULL
INSN,158.43,INSN,840863.3699999999,530647.5667487216
IOC,246788.37,IOC,328779.66000000003,33.223320045430036
ION,967692.0900000001,ION,1197400.08,23.737714958484364
IOP,645913.53,IOP,1186708.26,83.72556153143285
IOT,37440101.11,IOT,67686352.50999999,80.7857097157289
IXT,937262.0700000001,IXT,1128582.33,20.4126749736069
KCS,1109881.6199999999,KCS,1276445.73,15.007376192066332
KEK,0,KEK,122055.29999999999,NULL
KEY,37550461.86,KEY,31620953.700000003,-15.790772912746261
KICK,5165066.43,KICK,5002098.78,-3.1551898162130594
KIN,8272397190.299999,KIN,6113607317.5199995,-26.096303442868308
KMD,3280322.19,KMD,6637062.8100000005,102.32960134931137
KNC,3780808.0200000005,KNC,3946028.6100000003,4.36998094391473
KOLION,52055.58,KOLION,78836.61,51.446991849865086
KORE,191723.94,KORE,289527.08999999997,51.01248701648837
KRB,30894.899999999998,KRB,112698.75,264.7810803724887
KURT,838884.5700000001,KURT,3153073.5300000003,275.8650048838066
LA,6681627.720000001,LA,16082984.73,140.7045918146424
LBC,13970282.700000001,LBC,18604719.15,33.17353377537591
LBTC,0,LBTC,7385401.92,NULL
LDOGE,100711638.06,LDOGE,36848301.230000004,-63.41207238825045
LEND,426185001,LEND,723265467,69.70692664052717
LEO,11039.98,LEO,38127.36,245.35714738613657
LGD,1895322.87,LGD,1233013.47,-34.94441028931393
LIFE,25666950.21,LIFE,16136154.83,-37.132558804305255
LINDA,56325279.60000001,LINDA,401922435.07000005,613.5737947939099
LINK,27235728,LINK,30402792,11.628343475893136
LINX,0,LINX,653037.39,NULL
LKK,53428.93000000001,LKK,113464.4,112.36509883316019
LMC,38397429.45,LMC,47330284.980000004,23.26420194776867
LOC,34276.62,LOC,59760.69,74.3482583755341
LRC,31151363.67,LRC,29391131.64,-5.650577768109633
LSK,3388870.96,LSK,4380289.15,29.255117757567273
LTC,1604184.4,LTC,2564593.42,59.86899137031878
LTCU,287245.08,LTCU,495806.16000000003,72.60736371881461
LUN,469219.74,LUN,186226.11000000002,-60.311535486550504
LUX,0,LUX,365511.63,NULL
MAD,2867518.1,MAD,2178319.5300000003,-24.034672004337125
MAID,13081692.3,MAID,10779268.92,-17.600348083405084
MANA,176557386.64000002,MANA,372182499.43,110.79973288734672
MARS,0,MARS,1056039.81,NULL
MBRS,2,MBRS,554463.46,27723073
MCAP,6500.200000000001,MCAP,12620,94.14787237315772
MCO,4153408.9899999998,MCO,4249237.41,2.3072233009251613
MDA,5393154,MDA,1572309,-70.84620613466628
MEME,4699976.7299999995,MEME,7318270.41,55.70865198730465
MER,4464637.26,MER,19609689.12,339.2224491716042
MGO,345934.83,MGO,767216.04,121.7805128208686
MINT,21089907.22,MINT,338886747.35999995,1506.8669426797032
MKR,414.65999999999997,MKR,6.18,-98.5096223411952
MLN,5278.35,MLN,9799.02,85.64551422319474
MNX,596.13,MNX,334.39,-43.90653045476658
MOD,7332279.75,MOD,9174418.14,25.123678484853233
MOIN,3957.42,MOIN,822532.74,20684.5702503146
MOJO,51939.84,MOJO,768278.91,1379.1707290588497
MONA,1263340.98,MONA,1162398.48,-7.990123141576552
MOON,85558444.66,MOON,261967702.57000002,206.18567648235228
MRP,13647.41,MRP,329866.5,2317.063017818033
MRT,91091.81999999999,MRT,113000.40000000001,24.051094818393153
MSP,174132.41999999998,MSP,358288.83,105.75653287308593
MTH,42811917.75,MTH,49494121.650000006,15.608279776254605
MTL,2723010.45,MTL,2878760.7,5.719781574837511
MUE,9464477.49,MUE,9423310.53,-0.4349628391371545
MUSIC,76795997.52,MUSIC,124626564.47999999,62.28262996068704
MYB,20159.97,MYB,40930.89,103.03051046206913
MYST,4119782.6399999997,MYST,1750692.09,-57.50523163523016
MZC,0,MZC,21950809.56,NULL
NAV,2530734,NAV,4028681.5500000003,59.190240855024676
NBT,8198192.1899999995,NBT,25482555.089999996,210.8313942808408
NDC,711808.11,NDC,405890.39999999997,-42.977553318407686
NEBL,3279.8799999999997,NEBL,28862.230000000003,779.9782309108872
NEO,1596628.11,NEO,2295111.75,43.7474221846188
NEOS,356190.33,NEOS,1359137.5499999998,281.5762067431757
NET,4634.76,NET,28365442.200000003,611915.3406001605
NET*,120591.09,NET*,159407.73,32.18864677315713
NETKO,161.31,NETKO,197219.88,122161.40970801562
NEU,839572.0499999999,NEU,932714.3699999999,11.094023437297604
NGC,1451759.6,NGC,2622393.6,80.63552670841646
NKA,145442.27,NKA,3786557.25,2503.4778266318317
NLC2,327933.75,NLC2,1239581.3399999999,277.99748882205625
NLG,13483796.549999999,NLG,37677681.45,179.42932326429982
NMC,102111.29999999999,NMC,118812.54000000001,16.35591751353672
NMR,135173.52,NMR,101676.90000000001,-24.780459959909294
NOTE,40083.3,NOTE,1065232.1099999999,2557.545935589135
NTRN,2622.54,NTRN,151947.48,5693.905145393398
NULS,1660533.4500000002,NULS,2835030.9000000004,70.73012892332883
NXC,3087156.0300000003,NXC,6235799.01,101.99170205206632
NXS,541505.25,NXS,771989.64,42.563648274878226
NXT,375334347.15999997,NXT,420146954.2,11.939383480110072
NYC,516969464.01000005,NYC,555288059.12,7.412158314491616
OAX,16086909.16,OAX,2069938.61,-87.13277616344793
OBITS,1749.9299999999998,OBITS,11170.95,538.365534621385
OCL,276595.62,OCL,124358.51999999999,-55.039591733231354
ODN,28140,ODN,1032500.5499999999,3569.1561833688693
ODNT,19457.670000000002,ODNT,312114.06,1504.0669823262497
OK,11989447.92,OK,16623827.129999999,38.653816597086475
OMG,9640984.95,OMG,5361661.550000001,-44.386786435134916
OMNI,86189.91,OMNI,106564.29000000001,23.63893871103938
ONG,24149.91,ONG,71766.56999999999,197.1711695819984
ONION,0,ONION,430588.19999999995,NULL
ONX,1064652.69,ONX,648671.16,-39.07204047922895
OPT,5838231.84,OPT,5552240.1899999995,-4.898600429680785
ORME,879915,ORME,4047368.37,359.9726530403505
OTN,4583.9400000000005,OTN,9070.739999999998,97.8808623149517
OTX,234300,OTX,365400,55.953905249679906
PAC,9349166481.18,PAC,13360194817.619999,42.90252339087397
PAK,119201.14,PAK,956375.2,702.3205147199095
PART,199510.14,PART,544383.8099999999,172.8602215406194
PASC,694608.12,PASC,1396085.1,100.98888276745168
PASL,0,PASL,360316.89,NULL
PAY,10761772.620000001,PAY,8312391.029999999,-22.76001990088508
PBL,125831.01,PBL,265413.51,110.9285382037385
PBT,315.9,PBT,457.02,44.67236467236468
PDC,2147322.9000000004,PDC,2074356,-3.3980404158126554
PEPECASH,1827867.69,PEPECASH,332170.26,-81.82744507070969
PFR,3534337.1999999997,PFR,2631834.9000000004,-25.535263019046383
PHR,1800,PHR,413469.12,22870.506666666664
PING,14623.829999999998,PING,234269.16,1501.96856774183
PINK,25750952.490000002,PINK,34323798.54,33.291374574704115
PIRL,0,PIRL,184910.63999999998,NULL
PIVX,1438267.5,PIVX,2299710.69,59.89450432551663
PIX,1664163,PIX,1470195,-11.655589025834608
PKB,405119.76,PKB,455035.68,12.321275071845418
PLBT,130244.19,PLBT,45373.62,-65.16265332065868
PLR,1555457.82,PLR,1048796.67,-32.57312049773231
PLU,373.48,PLU,2284.3,511.62578986826605
PND,34804242.97,PND,89305558.28,156.59388240961934
POE,1044357048.28,POE,2639386578.6000004,152.72837320789174
POLL,31101.58,POLL,227964.92,632.9689359833167
POP,0,POP,0,NULL
POS,8548.650000000001,POS,49576.649999999994,479.93542840097547
POSW,138611.66999999998,POSW,1291317.78,831.6082693470184
POT,190825520.31,POT,88764131.1,-53.48414040438573
POWR,41870053.26,POWR,46581870.39,11.253429989069001
PPC,269917.68,PPC,447144.36,65.65952997224932
PPP,361199.79,PPP,370395.33,2.5458320449189733
PPT,64517.06999999999,PPT,100976.94,56.51197427285525
PRE,1754040,PRE,3075188.16,75.32029828282138
PRG,545346.57,PRG,173521.25,-68.18147219666201
PRIX,19999.98,PRIX,28124.399999999998,40.62214062214061
PRL,101162.58,PRL,310818.93,207.24693854189957
PRO,852657.72,PRO,927043.9500000001,8.724043453215916
PST,100463.49,PST,275600.67,174.32918167585058
PTC,6333521.699999999,PTC,7810688.16,23.322987272625927
PTOY,11023770.75,PTOY,19811553.54,79.71666854556095
PURA,9419.01,PURA,3427.2000000000003,-63.61401038962693
PWR,869184982.69,PWR,1693481865.02,94.83561022636654
PXC,0,PXC,844185.1499999999,NULL
QASH,3223270.23,QASH,3726517.5600000005,15.612942573542787
QAU,14418.310000000001,QAU,25540.469999999998,77.13913766592614
QRK,241248.99,QRK,2955182.2800000003,1124.9511510908296
QRL,3465847.26,QRL,3537808.38,2.0762923060839134
QSP,124932729.54,QSP,109635949.91,-12.244012987087107
QTUM,3735145.71,QTUM,7029705.51,88.20431800503975
QVT,60822.479999999996,QVT,102429.42,68.40717445260371
QWARK,4658886.54,QWARK,8623112.64,85.089560906113
R,3466.6000000000004,R,1296956.32,37312.92101771187
RADS,288922.74,RADS,750615.48,159.7979930551676
RAIN,0,RAIN,5003503.41,NULL
RBT,428049,RBT,20346764.11,4653.3726535980695
RBY,248947.05000000002,RBY,400967.39999999997,61.06533497785972
RCN,127244482.83,RCN,224665094.07,76.56175660688957
RDD,4464519482.76,RDD,3101557892.11,-30.528741019344967
RDN,0,RDN,0,NULL
RDN*,1800500.4300000002,RDN*,2983720.7399999998,65.71619147016807
REAL,101714.91,REAL,135210.38999999998,32.93074732111544
REC,31552.86,REC,22112.1,-29.920457289767082
RED,0,RED,4855677.57,NULL
REP,93003.86,REP,222923.98,139.69325574228856
REQ,70633776.09,REQ,65752312.83,-6.9109476092289785
RIC,8503509.69,RIC,3518388.12,-58.62428281656958
RISE,12710279.61,RISE,34085678.97,168.1741080124043
RKC,1500,RKC,18900,1160
RLC,3530166.63,RLC,2471515.2,-29.988709909707566
RNS,0,RNS,1113921.66,NULL
RPX,12453917.01,RPX,10837778.58,-12.976948768024588
RRT,897673.9199999999,RRT,965643.96,7.571796226407028
RUP,1421.46,RUP,826231.3800000001,58025.54556582669
RVT,180190.36,RVT,151668.77000000002,-15.828588166425755
SALT,3992171.6999999997,SALT,6996405.12,75.2531114831559
SAN,747688.04,SAN,645196.01,-13.707860032106442
SAR,1295166943.21,SAR,2387840683.01,84.36547470026284
SBC,0,SBC,1079321.52,NULL
SBD,343878.33,SBD,783462.75,127.83138152380813
SBTC,223.73000000000002,SBTC,818.78,265.9679077459437
SC,2197178198.82,SC,3876241880.16,76.4190943748552
SCL,222024.30000000002,SCL,172422.78,-22.340581639036817
SCT,65600.58,SCT,76527.09,16.656117979444684
SDAO,1296.01,SDAO,11703.64,803.0516739839969
SEND,0,SEND,12274794.99,NULL
SEQ,1793758.7399999998,SEQ,1121951.46,-37.452488175750986
SHIFT,1924345.2600000002,SHIFT,1176650.34,-38.85450992302702
SIB,409664.39999999997,SIB,473305.53,15.534942748259322
SIGT,2549506.59,SIGT,2005699.3499999999,-21.329901328084038
SJCX,12,SJCX,10914,90850
SKY,0,SKY,70499.45999999999,NULL
SLR,3229882.9799999995,SLR,11781740.31,264.7729773169678
SLS,33308.729999999996,SLS,70563.84,111.84788492386232
SMART,78010,SMART,131316,68.3322650942187
SMC,7098.99,SMC,227140.05000000002,3099.610789703888
SNC,8530124.74,SNC,6312958.819999999,-25.992186369832627
SNGLS,46527107.43,SNGLS,24260751.54,-47.856737974738095
SNM,18515111.61,SNM,39641293.92,114.10237623730966
SNOV,13854876.27,SNOV,15473922.84,11.685752643679152
SNRG,628869.39,SNRG,388487.73,-38.224417315016716
SNT,390814246.17,SNT,529648043.43,35.52424166226755
SOAR,7838728.17,SOAR,712253.1000000001,-90.91366501614509
SPACE,279906.13,SPACE,703424.54,151.307300772584
SPANK,2571390.63,SPANK,6497816.76,152.69660253837046
SPHR,230299.19999999998,SPHR,666592.89,189.44646355697287
SPN,0,SPN,0,NULL
SPR,3121182.39,SPR,2014403.6400000001,-35.46023947674522
SPT,119548.53,SPT,2718285.84,2173.7927768747973
SRC,0,SRC,712466.49,NULL
SRN,2296555.17,SRN,2375841.66,3.452409549560276
STAR,475497.75,STAR,1713349.92,260.32766085643937
START,3271927.56,START,4500473.76,37.54808679199486
STEEM,3540033.57,STEEM,6513152.61,83.98561711944446
STORJ,62411984.550000004,STORJ,119848120.74,92.02741525385446
STORM,197578950,STORM,73301100,-62.900349455243074
STRAT,3124906.7699999996,STRAT,4677307.25,49.6782974424546
STU,340679.79000000004,STU,2090095.41,513.507308431768
STX,1628743.44,STX,1864743.56,14.489705020699892
SUB,8204632.36,SUB,11462380.819999998,39.70620884712009
SUMO,1374,SUMO,300659.37,21782.050218340613
SUR,6168.24,SUR,47850.99,675.7640753278083
SWT,431466.27,SWT,885827.3699999999,105.30628500809573
SXC,392547.66000000003,SXC,3176861.2800000003,709.2931390802329
SYNX,2636660.19,SYNX,4797641.7299999995,81.95904607639257
SYS,34689917.55,SYS,84372994.17,143.22050938400116
TAAS,131871.96,TAAS,148620.18,12.700364808409613
TER,2.7561,TER,761.37,27524.90475672146
TES,0,TES,914645.0700000001,NULL
TFL,2263.05,TFL,15787.380000000001,597.6151653741632
THC,85172544.9,THC,56143102.67999999,-34.08309832010199
TIE,222766.23,TIE,160513.41,-27.94535778605222
TIME,4759.97,TIME,6477.16,36.0756475355937
TIX,6007097.88,TIX,20035575.75,233.53170116815215
TKN,166306.74,TKN,344457.30000000005,107.12167167728744
TKR,727500.3,TKR,249370.59,-65.72226980524957
TKS,1379129.94,TKS,223233.81,-83.81343167707605
TNT,31054727.12,TNT,73846061.27,137.79330272215248
TOA,0,TOA,8564479.14,NULL
TRC,0,TRC,240092.03999999998,NULL
TRCT,10560.48,TRCT,14994,41.98218262806236
TRI,0,TRI,1470.6,NULL
TRIG,3939814.56,TRIG,4208751.42,6.826129908002571
TRST,7000321.23,TRST,12196053.3,74.22133783994938
TRUMP,42452.909999999996,TRUMP,207940.86,389.815327147185
TRUST,2234670.5999999996,TRUST,1331019.18,-40.437790697206104
TRX,5379134590.360001,TRX,5170808426.11,-3.8728565115909963
TTC,3424792.78,TTC,22207447.33,548.4318543208327
TX,659597.4299999999,TX,604873.08,-8.296628748235115
TZC,0,TZC,1043137.5900000001,NULL
UBQ,1495574.82,UBQ,2644845.36,76.84473719609693
UFR,320893.68,UFR,432064.74,34.64420365025575
UIS,3461.16,UIS,588029.3999999999,16889.373504836527
UKG,15152573.82,UKG,72975988.26,381.6078715530059
UNB,9280708.83,UNB,4254132.21,-54.161559338566164
UNIFY,83476.38,UNIFY,882866.8500000001,957.6247436700057
UNIT,12840.119999999999,UNIT,104071.56,710.518593284175
UNO,0.0063360000000000005,UNO,953.1299999999999,15042987.12121212
UQC,4128.82,UQC,4856.089999999999,17.614475806646926
USDT,362870528.96,USDT,580498748.83,59.9740685730887
VEE,7248737.49,VEE,7368321.36,1.649719970753143
VEN,21267017.099999998,VEN,52968814.04,149.06555437903893
VERI,3657.6,VERI,4890.48,33.707349081364825
VIA,2536723.83,VIA,1888687.08,-25.546208157787518
VIB,79390816.42,VIB,47426102.2,-40.26248332161943
VIBE,789260.25,VIBE,306868.5,-61.11947865105331
VIVO,0,VIVO,46512.899999999994,NULL
VOISE,6853474.5,VOISE,17368356.240000002,153.42410247532112
VOX,55287526.230000004,VOX,134674852.35000002,143.58994068525178
VRC,3733986.66,VRC,4724115.300000001,26.516662488558556
VRM,273134.97000000003,VRM,99977.13,-63.396437299844834
VTC,2812706.31,VTC,4105218.99,45.952635559736066
VTR,817912.2000000001,VTR,1399984.9500000002,71.16567646258365
WABI,6881748,WABI,6766032,-1.6814913885251248
WAND,65254.92,WAND,220717.19999999998,238.23840409274882
WAVES,5823209.869999999,WAVES,6792692.510000001,16.648595218842793
WC,0,WC,1852760.7600000002,NULL
WCT,29960.100000000002,WCT,19425.39,-35.16246607988626
WDC,28998.300000000003,WDC,1771821.9899999998,6010.089177641446
WGO,20499.54,WGO,28227.300000000003,37.69723613310349
WGR,708662.4299999999,WGR,2004633.87,182.87570853727922
WILD,26700.300000000003,WILD,67547.25,152.98311254929718
WINGS,4207732.14,WINGS,6589187.16,56.59711551886002
WRC,2260706.36,WRC,2146316.98,-5.059895527519987
WTC,2378228.9699999997,WTC,2488888.3499999996,4.6530162316540915
WTT,178125.66,WTT,55602.299999999996,-68.78478934478053
XAS,44390.14,XAS,33188.06,-25.23551401279654
XAUR,4196139.4799999995,XAUR,4374692.3100000005,4.255169086991384
XBC,23605.5,XBC,3761.3999999999996,-84.0655779373451
XBL,0,XBL,280537.65,NULL
XBY,304456.05000000005,XBY,23655494.04,7669.756600336895
XCN,1427420.1300000001,XCN,1171355.49,-17.938981987034197
XCP,87270.69,XCP,107269.17,22.915459932767803
XCXT,0,XCXT,799048.9500000001,NULL
XDN,726614498.76,XDN,1256430849.68,72.91574167927494
XEL,4159338.87,XEL,11659273.379999999,180.3155439941348
XEM,68431238.45,XEM,97964338.32000001,43.15733653071129
XID,860834.97,XID,960149.46,11.536995296554926
XIOS,165625.26,XIOS,240788.43,45.38146536343549
XLC,0,XLC,843662.04,NULL
XLM,408900597.73,XLM,1460407017.8999999,257.15453242362753
XMCC,0,XMCC,76420.29000000001,NULL
XMG,4812090.2700000005,XMG,7644284.459999999,58.85579926995007
XMR,336579.26,XMR,571135.98,69.68840563735269
XMY,222911788.11,XMY,101727832.32,-54.364085819543796
XP,0,XP,0,NULL
XPD,369761.43,XPD,27586249.56,7360.553568283204
XPM,1091796.6,XPM,1732963.1400000001,58.72582310661162
XRL,149445.69,XRL,1395501.24,833.7848686034372
XRP,827964677.02,XRP,1946612819.21,135.10819642888924
XSPEC,3900.24,XSPEC,1006385.3400000001,25703.16442065104
XST,1058153.19,XST,1268408.97,19.870070041559863
XTZ,126532.05,XTZ,174459.21,37.87748637598141
XUC,18762.589999999997,XUC,23100.469999999998,23.119835800920885
XVC,419003.79,XVC,1128425.01,169.31140885384355
XVG,2888624827.04,XVG,1571302812.14,-45.60377666800959
XWC,5386358.550000001,XWC,5997601.17,11.347974969100397
XZC,208799.66999999998,XZC,392939.19,88.18956466741544
YOVI,208.98,YOVI,114119.54999999999,54507.881136950906
YOYOW,28763778,YOYOW,16078689,-44.10091400371676
ZCG,139065.63,ZCG,162860.63999999998,17.110633303138943
ZCL,574573.71,ZCL,1329010.5,131.30374343093422
ZEC,142911.18,ZEC,298600.44,108.94127387374452
ZECD,211333241.49,ZECD,200039448.63,-5.344068344560181
ZEIT,1237918.49,ZEIT,500230.39,-59.59100748224546
ZEN,298416.08999999997,ZEN,653915.1000000001,119.12863344600493
ZENI,9221104.05,ZENI,10099613.43,9.527160470551234
ZER,0,ZER,466558.98,NULL
ZET,16360.44,ZET,904130.12,5426.319096552415
ZOI,0,ZOI,1173642.99,NULL
ZRC,71692.43,ZRC,76836.75,7.175541406533448
ZRX,23051892.55,ZRX,18083615.98,-21.55257560403647
ZSC,15229169.76,ZSC,24676776.330000002,62.03625489036509
ZSE,0,ZSE,598098.3,NULL
